Waste Type,Quantity,Percentage
Organic,155,26.05042016806723
Paper,95,15.966386554621847
Plastics,345,57.98319327731093
